Código MP;Nome MP;Volume Anual (kg);Preço Referência (USD);Fornecedor Selecionado;Estado Fornecedor;Homologado;Preço (USD);Custo Projetado (USD);Saving Unitário (USD);Saving Unitário (%);Saving Total (USD);Lote Mínimo (MOQ);Lead Time c/ Estoque;Lead Time s/ Estoque;Status;Ação / Observação;Data Decisão
MP0005;TINOGARD TT;2379,15;21,4000;BASF;SP;Sim;21,0500;50081,11;-0,3500;-1,64;-832,70;40kg;4 dias úteis;90 dias;DECIDIDO;Fechar basf.;21/03/2026
MP0041;BHT;231,48;4,7400;ANASTACIO;SP;Sim;4,8700;1127,31;0,1300;2,74;30,09;20/25;12 dias;120;DECIDIDO;;21/03/2026
MP0006;HIDROXIETILCELULOSE;8713,09;7,6700;KHOL QUIMICA;ES;Sim;7,2500;63169,90;-0,4200;-5,48;-3659,50;25;2 DIAS ÚTEIS;10 DIAS UTEIS;DECIDIDO;Homologar Maian. Fechar Khol.;21/03/2026
MP0007;OLEO DE COCO;4294,89;2,4000;KHOL QUIMICA2;ES;Sim;2,1000;9019,27;-0,3000;-12,50;-1288,47;50;2 DIAS ÚTEIS;10 DIAS UTEIS;DECIDIDO;;21/03/2026
MP0008;WAVEMAX;6669,06;19,6300;CHEMYUNION;ES;Sim;19,6300;130913,65;0,0000;0,00;0,00;20;3 dias;45 dias;DECIDIDO;;21/03/2026
MP0010;ACIDO CAPRICO CAPRILICO / PURIT TCM;30902,49;5,8000;KHOL QUIMICA2;ES;Sim;5,5000;169963,70;-0,3000;-5,17;-9270,75;155;2 DIAS ÚTEIS;10 DIAS UTEIS;DECIDIDO;;21/03/2026
MP0014;GLASIK 700 - POLIQUATERNIUM 7;50530,44;0,9100;ANASTACIO2;ES;Sim;1,0200;51541,05;0,1100;12,09;5558,35;200;12 dias;20;DECIDIDO;Homologar Khol e Chemax. Tentar SPOT com Anastacio.;21/03/2026
MP0015;ALCOOL CETO ESTERAILICO C16 C18 S;194308,62;2,6300;ALPHA QUIMICA2;ES;Não;2,3500;456625,26;-0,2800;-10,65;-54406,41;2000;5;30;DECIDIDO;;21/03/2026
MP0016;EXTRATO DE BURITI;305,94;4,9600;PHYTOVITAL;SP;Sim;4,5000;1376,73;-0,4600;-9,27;-140,73;5;;;DECIDIDO;;21/03/2026
MP0017;MISTURA DE IZOTIAZOLINONA;540,39;0,9700;THOR2;SP;Sim;0,8800;475,54;-0,0900;-9,28;-48,64;25;7;90-110;DECIDIDO;;21/03/2026
MP0018;OLEO DE SEMENTE DE UVA (ÓLEO VEGETAL DE SEMENTE DE UVA);5209,59;4,3400;PHYTOVITAL;;Sim;4,3400;22609,62;0,0000;0,00;0,00;;;;DECIDIDO;Homologar Khol;21/03/2026
MP0019;MANTEIGA DE MURUMURU;3584,64;8,7100;PHYTOVITAL;SP;Sim;8,5000;30469,44;-0,2100;-2,41;-752,77;4;;;DECIDIDO;Homologar Khol.;21/03/2026
MP0020;MANTEIGA DE CACAU;2550,34;7,7400;PHYTOVITAL;;Sim;7,7400;19739,63;0,0000;0,00;0,00;;;;DECIDIDO;Homologar Khol;21/03/2026
MP0022;GOMA GUAR QUATERNIZADA / JAGUAR C-13S;3022,09;11,5000;UNIVAR;ES;Sim;11,5000;34754,04;0,0000;0,00;0,00;25;30;60;DECIDIDO;Homologar Khol;21/03/2026
MP0023;MANTEIGA DE KARITE;3553,43;4,5400;AQIA;ES;Sim;4,8300;17163,07;0,2900;6,39;1030,49;;;;DECIDIDO;Homologar Khol.;21/03/2026
MP0024;VPQ 108 GL / VIC 108 GL;357,27;9,1500;KHOL QUIMICA2;ES;Sim;7,8200;2793,85;-1,3300;-14,54;-475,17;25;2 DIAS ÚTEIS;10 DIAS UTEIS;DECIDIDO;;21/03/2026
MP0025;POLIMERO W-25 (POLIPLUS 90);6363,93;2,2000;KHOL QUIMICA2;ES;Sim;1,8600;11836,91;-0,3400;-15,45;-2163,74;50;2 DIAS ÚTEIS;10 DIAS UTEIS;DECIDIDO;;21/03/2026
MP0026;EXTRATO DE ALOE VERA (EXTRATO GLICOLICO DE ALOE VERA);567,44;3,3900;PHYTOVITAL;;Sim;3,3900;1923,62;0,0000;0,00;0,00;;;;DECIDIDO;;21/03/2026
MP0027;AMIDA 90;14556,36;2,6300;CHEMAX;ES;Sim;2,4000;34935,26;-0,2300;-8,75;-3347,96;50;2;;DECIDIDO;Homologar Maian e Baruquimica;21/03/2026
MP0028;MERQUAT PLUS 3330;2021,96;2,3000;KHOL QUIMICA2;ES;Sim;1,9900;4023,70;-0,3100;-13,48;-626,81;5;2 DIAS ÚTEIS;10 DIAS UTEIS;DECIDIDO;;21/03/2026
MP0029;ARLYPON TT;760,50;18,9500;BASF;SP;Sim;15,6800;11924,64;-3,2700;-17,26;-2486,83;205kg;4 dias úteis;90 dias;DECIDIDO;;21/03/2026
MP0030;REWOPOL SB FA 30 B;24013,06;1,2000;AQIA;;Não;1,2000;28815,67;0,0000;0,00;0,00;;;;DECIDIDO;Homologar AQIA;21/03/2026
MP0031;CARBOPOL AQUA/ RHEOCARE TTA;13504,76;3,3900;SARFAM;;Sim;3,3900;45781,14;0,0000;0,00;0,00;;;;DECIDIDO;;21/03/2026
MP0032;HIDROXIDO DE SODIO;194,50;7,7900;Oxigen;ES;Não;0,6031;117,30;-7,1869;-92,26;-1397,86;;IMEDIATO;5 DIAS;DECIDIDO;Homologar Oxigen e Khol;21/03/2026
MP0033;COCOAMIDOPROPIL BETAINA;39828,50;1,0100;CHEMAX;ES;Sim;0,9400;37438,79;-0,0700;-6,93;-2788,00;150;2;;DECIDIDO;;21/03/2026
MP0034;PLANTAREM 1200 / ECOSENSE 1200;2539,75;2,0600;KHOL QUIMICA;;Sim;2,0600;5231,89;0,0000;0,00;0,00;;;;DECIDIDO;;21/03/2026
MP0035;QUIKPEARL PK3;4276,38;1,5100;KHOL QUIMICA;ES;Sim;2,4300;10391,60;0,9200;60,93;3934,27;30;2 DIAS ÚTEIS;10 DIAS UTEIS;DECIDIDO;Homologar Chemax URGENTE!;21/03/2026
MP0036;D PANTENOL (D PANTENOL 75%);1194,05;8,3000;KHOL QUIMICA2;ES;Sim;6,7200;8024,02;-1,5800;-19,04;-1886,60;5;2 DIAS ÚTEIS;10 DIAS UTEIS;DECIDIDO;;21/03/2026
MP0037;METHILAN 6000 DS (MYRJ 6000);1459,64;5,2000;AQIA;ES;Sim;4,0900;5969,93;-1,1100;-21,35;-1620,20;20kg;;;DECIDIDO;;21/03/2026
MP0042;ALCOOL CETILICO;1789,01;2,8500;ANASTACIO;SP;Sim;2,9800;5331,25;0,1300;4,56;232,57;150;12 dias;130;DECIDIDO;;21/03/2026
MP0011;PROPILENO GLICOL USP;33493,45;1,4900;BARUQUIMICA;ES;Sim;1,7700;59283,41;0,2800;18,79;9378,17;;;3 dias úteis;DECIDIDO;Baru é o plano A, mas vamos tentar SPOT com a Anastacio.;21/03/2026
MP0012;SUN QUART CT50 (QUATERNÁRIO DE AMÔNIO 16-50);57567,66;2,1000;ANASTACIO;SP;Sim;2,5300;145646,18;0,4300;20,48;24754,09;760;12 dias;60;DECIDIDO;Confirmar Homologação Chemax, tentativa SPOT Anastácio.;21/03/2026
MP0013;GLICERINA VEGETAL BIDESTILADA;60621,44;0,9600;ALPHA QUIMICA;ES;Não;1,3861;84024,81;0,4261;44,38;25828,23;1000;5;20;DECIDIDO;Homologar Oxigen e Maian, vamos de Alphaquimica inicialmente. Spot com anastacio.;21/03/2026
MP0040;STERARAMIDO PROPIL DIMETIL AMINA;1080,98;3,0000;KHOL QUIMICA;SP;Sim;3,0000;3242,94;0,0000;0,00;0,00;25;6 DIAS UTEIS;15 DIAS ÚTEIS;DECIDIDO;Homologar INOLEX (só Deus sabe) e AQIA;21/03/2026
MP0001;TINOGARD TS;950,62;22,8700;BASF;SP;Sim;14,9600;14221,28;-7,9100;-34,59;-7519,40;40kg;4 dias úteis;90 dias;DECIDIDO;;21/03/2026
MP0002;ACIDO LATICO 85%;6708,67;1,7600;ANASTACIO;;Sim;1,7600;11807,26;0,0000;0,00;0,00;;;;DECIDIDO;Homologar Oxigen. Tentar cotação spot com Anastacio.;21/03/2026
MP0003;EDTA DISSODICO;2970,47;2,4800;MCASSAB;SP;Sim;2,2004;6536,20;-0,2796;-11,27;-830,56;25;;;DECIDIDO;Tentar último tiro com MCassab, se não der bom, homologar Khol.;21/03/2026
MP0004;MICROCARE BDP;13636,55;6,8100;THOR2;SP;Sim;5,6000;76364,68;-1,2100;-17,77;-16500,23;25;7;90-110;DECIDIDO;Fechar Thor.;21/03/2026
MP0060;CAPILMAX;23,07;;DINACO;SP;Sim;80,1943;1850,08;;;;20;3;120;DECIDIDO;;23/03/2026
MP0062;VARISOFT (BTMS)PELLETS- (TMS);1800,30;5,5600;COSMETO / SUMMIT;ES;Não;8,6000;15482,58;3,0400;54,68;5472,91;25;3;30;DECIDIDO;;23/03/2026
MP0063;TEGO AMID S18;4032,95;5,2200;COSMETO / SUMMIT;ES;Não;5,4500;21979,58;0,2300;4,41;927,58;0;3;30;DECIDIDO;;23/03/2026
MP0043;ACTIVE SHINE AMAZON;1364,55;21,5000;KHOL QUIMICA2;ES;Sim;18,0300;24602,84;-3,4700;-16,14;-4734,99;40;2 DIAS ÚTEIS;10 DIAS UTEIS;DECIDIDO;;23/03/2026
MP0044;K-OIL BLEND 12 OLEOS;2128,19;10,5900;KHOL QUIMICA;ES;Sim;10,5900;22537,53;0,0000;0,00;0,00;4;2 DIAS ÚTEIS;10 DIAS UTEIS;DECIDIDO;;23/03/2026
MP0045;NUTRIAMINO CA;1051,76;9,8000;KHOL QUIMICA2;ES;Sim;8,4300;8866,34;-1,3700;-13,98;-1440,91;5;2 DIAS ÚTEIS;10 DIAS UTEIS;DECIDIDO;;23/03/2026
MP0046;FENOXIETANOL;3373,84;3,2600;KHOL QUIMICA;ES;Sim;5,1300;17307,80;1,8700;57,36;6309,08;5;2 DIAS ÚTEIS;10 DIAS UTEIS;DECIDIDO;;23/03/2026
MP0048;PEG-180;119,14;80,9800;UNIVAR2;SP;Sim;71,9500;8572,12;-9,0300;-11,15;-1075,83;63.5;167;167;DECIDIDO;;23/03/2026
MP0050;EXTRATO GLICOLICO DE COCO 60%;994,96;2,9600;PHYTOVITAL;;Sim;2,9600;2945,08;0,0000;0,00;0,00;;;;DECIDIDO;;23/03/2026
MP0052;CL CETIL TRI AMONIO 50% (QUATER DE AMONI);14078,35;2,1000;CHEMAX;ES;Sim;2,4800;34914,31;0,3800;18,10;5349,77;90;2;;DECIDIDO;;23/03/2026
MP0055;KAO SOFTCARE GP-1;4381,84;31,7500;UNIVAR;;Sim;31,7500;139123,42;0,0000;0,00;0,00;;;;DECIDIDO;;23/03/2026
MP0056;GLYCOSAN PROTECTION RE;499,80;40,8500;CHEMYUNION;ES;Sim;40,8500;20416,83;0,0000;0,00;0,00;20;3 dias;45 dias;DECIDIDO;;23/03/2026
MP0049;ACQUACREAM C22;3431,26;15,3000;KHOL QUIMICA2;ES;Sim;13,2900;45601,45;-2,0100;-13,14;-6896,83;5;2 DIAS ÚTEIS;10 DIAS UTEIS;DECIDIDO;;23/03/2026
MP0057;EXTRATO DE ALGAS (EXTRATO GLICÓLICO DE ALGAS);27,26;5,2400;BARUQUIMICA;ES;Não;2,1462;58,50;-3,0938;-59,04;-84,34;;;8 dias úteis;DECIDIDO;HOmologar Baru;23/03/2026
MP0064;OLEO DE BAOBA MATERIA PRIMA;1033,83;8,7100;PHYTOVITAL;;Sim;8,7100;9004,66;0,0000;0,00;0,00;;;;DECIDIDO;;23/03/2026
MP0065;AMARELO TARTRAZINA X2;174,90;16,5000;KHOL QUIMICA;ES;Sim;16,5000;2885,85;0,0000;0,00;0,00;1;2 DIAS ÚTEIS;10 DIAS UTEIS;DECIDIDO;;23/03/2026
MP0066;PROTEINA DO ARROZ;534,54;6,2600;PHYTOVITAL;;Sim;6,2600;3346,22;0,0000;0,00;0,00;;;;DECIDIDO;;23/03/2026
MP0067;MICA PRATA(SUNPEARL GLITTERING WHITE);510,27;29,0000;COSMETO / SUMMIT;ES;Não;34,7800;17747,19;5,7800;19,93;2949,36;0;3;160;DECIDIDO;;23/03/2026
MP0068;SENSOVEIL SOFT;567,96;19,3200;CHEMYUNION;ES;Sim;19,3200;10972,99;0,0000;0,00;0,00;15;3 dias;45 dias;DECIDIDO;;23/03/2026
MP0069;OLEO DE PRACAXI (ÓLEO VEGETAL DE PRACAXI);3004,86;7,2000;PHYTOVITAL;SP;Sim;8,0000;24038,88;0,8000;11,11;2403,89;4;;;DECIDIDO;;23/03/2026
MP0071;VARISOFT BT 85 PELLETS;4198,72;8,0900;COSMETO / SUMMIT;ES;Não;11,9500;50174,70;3,8600;47,71;16207,06;0;3;30;DECIDIDO;;23/03/2026
MP0072;POLIMERO S-30- BALAI;2028,55;2,5700;KHOL QUIMICA2;ES;Não;2,1000;4259,95;-0,4700;-18,29;-953,42;5;2 DIAS ÚTEIS;10 DIAS UTEIS;DECIDIDO;;23/03/2026
MP0073;OLEO DE BURITI (ÓLEO VEGETAL DE BURIRI);92,67;11,2600;PHYTOVITAL;SP;Sim;11,3000;1047,17;0,0400;0,36;3,71;4;;;DECIDIDO;;23/03/2026
MP0074;SILICONE 1411;8334,66;3,8100;UNIVAR;SP;Sim;3,8100;31755,05;0,0000;0,00;0,00;195;IMEDIATO;30;DECIDIDO;;23/03/2026
MP0075;OLEO DE PEQUI (ÓLEO VEGETAL DE PEQUI);2,79;11,2600;PHYTOVITAL;SP;Sim;11,3000;31,53;0,0400;0,36;0,11;4;;;DECIDIDO;;23/03/2026
MP0077;OLEO ARGAN (ÓLEO VEGETAL DE ARGAN);2,08;26,5200;KHOL QUIMICA;SP;Sim;9,1800;19,09;-17,3400;-65,38;-36,07;50;6 DIAS UTEIS;15 DIAS ÚTEIS;DECIDIDO;;23/03/2026
MP0080;OLEO DE RICINO HIDROGENADO;31,49;7,6200;CAMPESTRE;SP;Não;5,4558;171,80;-2,1642;-28,40;-68,15;;5 DIAS;;DECIDIDO;;23/03/2026
MP0082;GENENCARE OSMS BA;404,43;26,8200;BIESTERFELD;ES;Sim;16,0000;6470,88;-10,8200;-40,34;-4375,93;20;3 dias;60;DECIDIDO;;23/03/2026
MP0083;MICROCARE PEHG;1480,54;8,5700;THOR3;SP;Sim;8,4200;12466,15;-0,1500;-1,75;-222,08;25;7;90-110;DECIDIDO;;23/03/2026
MP0084;LAURIL SULFOSUCCINATO;26197,89;2,2400;KHOL QUIMICA;ES;Sim;2,2400;58683,27;0,0000;0,00;0,00;5;2 DIAS ÚTEIS;10 DIAS UTEIS;DECIDIDO;;23/03/2026
MP0085;DELCIL GLUCOSIDEO;4408,58;1,9600;ALPHA QUIMICA;;Sim;1,9600;8640,82;0,0000;0,00;0,00;;;;DECIDIDO;;23/03/2026
MP0086;QUERATINA QUATERNIZADA VEGETAL;1648,07;2,2000;KHOL QUIMICA;;Sim;2,2000;3625,75;0,0000;0,00;0,00;;;;DECIDIDO;;23/03/2026
MP0087;SOFTCAT POLYMER SX-1300X BT308 -;124,36;62,0000;UNIVAR2;SP;Sim;107,3800;13353,78;45,3800;73,19;5643,46;10;30;90;DECIDIDO;;23/03/2026
MP0088;ACIDO CITRICO ANIDRO;519,58;1,8300;MCASSAB;SP;Sim;2,3418;1216,78;0,5118;27,97;265,95;25;;;DECIDIDO;;23/03/2026
MP0090;CEREAL MILK PREMIUM;619,40;31,0200;CHEMYUNION;ES;Sim;31,0200;19213,79;0,0000;0,00;0,00;20;3 dias;45 dias;DECIDIDO;;23/03/2026
MP0093;SENSACTIVE L-30;1114,05;11,7900;ALPHA QUIMICA;SP;Não;2,9708;3309,62;-8,8192;-74,80;-9825,03;200;5;60;DECIDIDO;;23/03/2026
MP0095;MAIZECARE POLYMER;1032,89;24,8800;UNIVAR;;Sim;24,8800;25698,30;0,0000;0,00;0,00;;;;DECIDIDO;;23/03/2026
MP0097;MANTEIGA DE KARITE ETOX;171,63;7,5600;PHYTOVITAL;;Sim;7,5600;1297,52;0,0000;0,00;0,00;;;;DECIDIDO;;23/03/2026
MP0100;EXCEPARL LM-LC - BALAI;20,65;30,3100;UNIVAR;SP;Não;30,7300;634,57;0,4200;1,39;8,67;25;30;90;DECIDIDO;;23/03/2026
MP0103;MENTHOL;215,35;21,0600;null;;;;;;;;;;;DECIDIDO;;23/03/2026
MP0104;ETANOL- ALCOOL ETILICO 96%;1610,35;1,1300;null;;;;;;;;;;;DECIDIDO;fornecedor homologado Coremal;23/03/2026
MP0105;H-VIT PLUS;1035,29;192,0000;CHEMYUNION;ES;Sim;30,2900;31358,93;-161,7100;-84,22;-167416,75;20;3 dias;45 dias;DECIDIDO;;23/03/2026
MP0106;POLISSORBATO 20 / TWEEN 20;2208,77;28,6600;KHOL QUIMICA;ES;Sim;4,4800;9895,29;-24,1800;-84,37;-53408,06;5;2 DIAS ÚTEIS;10 DIAS UTEIS;DECIDIDO;;23/03/2026
MP0108;ESFOLIANTE OLIVE BODY COD2503001R;212,59;55,5800;null;;;;;;;;;;;DECIDIDO;HOmologado Provital;23/03/2026
MP0110;AMIDO DE MILHO LT LQM 046;2293,52;;INTERLAB;SP;Não;7,8350;17969,73;;;;R$ 1.000,00;Imediato;60 dias;DECIDIDO;;23/03/2026
MP0111;OLEO DE BABACU (ÓLEO VEGETAL DE BABAÇU);369,62;3,0300;null;;;;;;;;;;;DECIDIDO;;23/03/2026
MP0112;LAURIL ETER SULFATO DE SODIO 70%;2460,24;2,4400;BASF;SP;Não;2,2500;5535,54;-0,1900;-7,79;-467,45;210kg;4 dias úteis;90 dias;DECIDIDO;;23/03/2026
MP0115;OLEO ESSENCIAL DE ALECRIM;509,53;61,2000;GLAMIR;ES;Sim;45,3900;23127,57;-15,8100;-25,83;-8055,67;1;5 DIAS;45 DIAS;DECIDIDO;;23/03/2026
MP0117;OLEO ESSENCIAL DE BERGAMOTA;2,32;108,0000;GLAMIR;ES;Sim;78,1400;181,28;-29,8600;-27,65;-69,28;1;5 DIAS;45 DIAS;DECIDIDO;;23/03/2026
MP0119;OLEO ESSENCIAL DE CANELA FOLHAS;31,16;75,5000;GLAMIR;ES;Sim;62,5100;1947,81;-12,9900;-17,21;-404,77;1;5 DIAS;45 DIAS;DECIDIDO;;23/03/2026
MP0121;OLEO ESSENCIAL DE CIPRESTE;18,71;129,6700;GLAMIR;ES;Sim;117,5800;2199,92;-12,0900;-9,32;-226,20;1;5 DIAS;45 DIAS;DECIDIDO;;23/03/2026
MP0122;OLEO ESSENCIAL DE OREGANO;36,13;85,0000;LEGEE;SP;Sim;34,6154;1250,65;-50,3846;-59,28;-1820,40;1;1;60;DECIDIDO;;23/03/2026
MP0124;OLEO ESSENCIAL DE CRAVO FOLHA;43,94;38,2000;GLAMIR;ES;Sim;29,0200;1275,14;-9,1800;-24,03;-403,37;1;5 DIAS;45 DIAS;DECIDIDO;;23/03/2026
MP0113;OXIFLOW S 6800;222,81;24,9800;MCASSAB;SP;Não;15,7564;3510,68;-9,2236;-36,92;-2055,11;210;;;DECIDIDO;Homologar ;23/03/2026
MP0126;OLEO ESSENCIAL DE BERGAMOTA;37,84;133,0000;GLAMIR;ES;Sim;135,4400;5125,05;2,4400;1,83;92,33;1;5 DIAS;45 DIAS;DECIDIDO;;23/03/2026
MP0127;OLEO ESSENCIAL DE PIMENTA NEGRA;145,36;28,1800;EUCALIPTOS;SP;Sim;30,5769;4444,66;2,3969;8,51;348,42;x;x;x;DECIDIDO;;23/03/2026
MP0128;OLEO ESSENCIAL DE EUCALIPTO RADIATA;4,71;180,7500;GLAMIR;ES;Sim;171,1500;806,12;-9,6000;-5,31;-45,22;1;5 DIAS;45 DIAS;DECIDIDO;;23/03/2026
MP0129;OLEO ESSENCIAL DE GENGIBRE;7,81;180,0000;GLAMIR;ES;Sim;133,9500;1046,15;-46,0500;-25,58;-359,65;1;5 DIAS;45 DIAS;DECIDIDO;;23/03/2026
MP0131;OLEO ESSENCIAL DE GRAPEFRUIT;6,00;196,0000;GLAMIR;ES;Sim;152,5500;915,30;-43,4500;-22,17;-260,70;1;5 DIAS;45 DIAS;DECIDIDO;;23/03/2026
MP0130;OLEO ESSENCIAL DE PETITGRAIN;113,34;165,0000;GLAMIR;ES;Sim;156,2700;17711,64;-8,7300;-5,29;-989,46;1;5 DIAS;45 DIAS;DECIDIDO;;23/03/2026
MP0133;OLEO ESSENCIAL DE HORTELÃ DO BRASIL;53,65;59,9600;GLAMIR;ES;Sim;41,6700;2235,60;-18,2900;-30,50;-981,26;1;5 DIAS;45 DIAS;DECIDIDO;;23/03/2026
MP0134;OLEO ESSENCIAL DE HORTELÃ PIMENTA;735,32;86,0000;GLAMIR;ES;Sim;49,1100;36111,57;-36,8900;-42,90;-27125,95;1;5 DIAS;45 DIAS;DECIDIDO;;23/03/2026
MP0135;OLEO ESSENCIAL DE JUNIPERO;26,45;42,5900;GLAMIR;ES;Sim;230,6900;6101,75;188,1000;441,65;4975,24;1;5 DIAS;45 DIAS;DECIDIDO;;23/03/2026
MP0136;OLEO ESSENCIAL DE LARANJA;1028,44;34,3600;CITROFLAVOR;;Sim;18,8000;19334,67;-15,5600;-45,29;-16002,53;173;;;DECIDIDO;;23/03/2026
MP0138;OLEO ESSENCIAL DE LAVANDA FRANCESA;1464,22;78,1800;GLAMIR;ES;Sim;102,6900;150360,75;24,5100;31,35;35888,03;1;5 DIAS;45 DIAS;DECIDIDO;;23/03/2026
MP0139;OLEO ESSENCIAL DE LEMONGRASS;280,66;38,9800;GLAMIR;ES;Sim;32,7400;9188,81;-6,2400;-16,01;-1751,32;1;5 DIAS;45 DIAS;DECIDIDO;;23/03/2026
MP0140;OLEO ESSENCIAL DE MIRRA;226,00;29,8600;CITROFLAVOR;1;Sim;29,8625;6748,92;0,0025;0,01;0,56;;;;DECIDIDO;;23/03/2026
MP0141;OLEO ESSENCIAL DE JASMIM;31,76;73,1300;null;1;;;;;;;;;;DECIDIDO;;23/03/2026
MP0143;OLEO ESSENCIAL DE MANJERONA;5,68;270,0000;GLAMIR;ES;Sim;200,9200;1141,23;-69,0800;-25,59;-392,37;1;5 DIAS;45 DIAS;DECIDIDO;;23/03/2026
MP0144;OLEO ESSENCIAL DE MIRRA;27,95;11,9400;GLAMIR;ES;Sim;1056,6900;29534,49;1044,7500;8750,00;29200,76;1;5 DIAS;45 DIAS;DECIDIDO;;23/03/2026
MP0145;OLEO ESSENCIAL DE OLIBANO;2,85;93,9600;GLAMIR;ES;Sim;639,9700;1823,91;546,0100;581,11;1556,13;1;5 DIAS;45 DIAS;DECIDIDO;;23/03/2026
MP0146;OLEO ESSENCIAL DE OREGANO;1,46;66,8000;GLAMIR;ES;Sim;133,9500;195,57;67,1500;100,52;98,04;0.5;5 DIAS;45 DIAS;DECIDIDO;;23/03/2026
MP0147;OLEO ESSENCIAL DE PALMAROSA;50,42;78,0000;GLAMIR;ES;Sim;59,5300;3001,50;-18,4700;-23,68;-931,26;1;5 DIAS;45 DIAS;DECIDIDO;;23/03/2026
MP0148;OLEO ESSENCIAL NOZ MOSCADA;60,94;161,1000;GLAMIR;ES;Sim;133,9500;8162,91;-27,1500;-16,85;-1654,52;1;5 DIAS;45 DIAS;DECIDIDO;;23/03/2026
MP0149;OLEO ESSENCIAL DE PETITGRAIN;17,31;129,6700;GLAMIR;ES;Sim;70,6900;1223,64;-58,9800;-45,48;-1020,94;1;5 DIAS;45 DIAS;DECIDIDO;;23/03/2026
MP0151;OLEO ESSENCIAL DE SALVIA ESCLAREIA;0,66;265,0000;GLAMIR;ES;Sim;190,5000;125,73;-74,5000;-28,11;-49,17;0.5;5 DIAS;45 DIAS;DECIDIDO;;23/03/2026
MP0270;TRIETANOLAMINA 99;397,42;5,9100;LABSYNTH;;Sim;5,9094;2348,53;-0,0006;-0,01;-0,22;;;;DECIDIDO;;23/03/2026
MP0152;OLEO ESSENCIAL DE SANDALO AMYRIS;6,72;263,0000;GLAMIR;ES;Sim;195,7100;1315,17;-67,2900;-25,59;-452,19;1;5 DIAS;45 DIAS;DECIDIDO;;23/03/2026
MP0153;OLEO ESSENCIAL DE MANJERONA;50,57;5,9400;CITROFLAVOR;;Sim;37,2000;1881,20;31,2600;526,26;1580,82;173;;;DECIDIDO;;23/03/2026
MP0154;OLEO ESSENCIAL DE PATCHOULI;714,48;58,0400;GLAMIR;ES;Não;58,0400;41468,42;0,0000;0,00;0,00;1;5 DIAS;45 DIAS;DECIDIDO;;23/03/2026
MP0155;OLEO ESSENCIAL DE TOMILHO;13,32;72,0000;GLAMIR;ES;Sim;53,5800;713,69;-18,4200;-25,58;-245,35;1;5 DIAS;45 DIAS;DECIDIDO;;23/03/2026
MP0156;OLEO ESSENCIAL DE VETIVER;5,86;550,0000;GLAMIR;ES;Sim;386,9600;2267,59;-163,0400;-29,64;-955,41;1;5 DIAS;45 DIAS;DECIDIDO;;23/03/2026
MP0158;OLEO ESSENCIAL DE YLANG-YLANG III;9,77;36,4300;IBERIA;SP;Não;269,9061;2636,98;233,4761;640,89;2281,06;;7;;DECIDIDO;;23/03/2026
MP0159;OLEO DE ABACATE;317,43;13,8300;CAMPESTRE;SP;Não;2,2635;718,49;-11,5665;-83,63;-3671,57;;5 DIAS;;DECIDIDO;;23/03/2026
MP0160;OLEO DE AÇAI;3,04;40,2400;BIELUS;SP;Sim;257,8900;783,99;217,6500;540,88;661,66;1kg;4;20;DECIDIDO;;23/03/2026
MP0161;AMENDOA DOCE NACIONAL;712,97;5,0300;CAMPESTRE;ES;Sim;5,5327;3944,64;0,5027;9,99;358,40;;5 DIAS;;DECIDIDO;;23/03/2026
MP0163;OLEO DE CASTANHA DO PARA;1,49;17,9200;BIELUS;SP;Sim;132,7400;197,78;114,8200;640,74;171,08;1kg;4;20;DECIDIDO;;23/03/2026
MP0165;OLEO DE GERGELIM;200,39;5,0300;CAMPESTRE;ES;Sim;4,9404;990,00;-0,0896;-1,78;-17,96;;5 DIAS;;DECIDIDO;;23/03/2026
MP0166;GIRASSOL;2289,36;3,1400;CAMPESTRE;ES;Sim;3,4942;7999,55;0,3542;11,28;810,96;;5 DIAS;;DECIDIDO;;23/03/2026
MP0167;OLEO ESSENCIAL DE SANDALO AMYRIS;61,55;51,0800;IBERIA;SP;Não;44,9843;2768,79;-6,0957;-11,93;-375,19;;7;;DECIDIDO;;23/03/2026
MP0169;OLEO ESSENCIAL DE LIMÃO SICILIANO;1327,21;11,2000;ROBERTET;SP;Não;11,2000;14864,75;0,0000;0,00;0,00;1;10;60;DECIDIDO;;23/03/2026
MP0171;OLEO ESSENCIAL DE CAMOMILA ROMANA;0,03;2247,5400;GLAMIR;ES;Sim;2321,7500;69,65;74,2100;3,30;2,23;0.05;5 DIAS;45 DIAS;DECIDIDO;;23/03/2026
MP0172;OLEO ESSENCIAL DE CEDRO VIRGINIA;28,50;30,0000;GLAMIR;ES;Sim;49,1100;1399,63;19,1100;63,70;544,63;1;5 DIAS;45 DIAS;DECIDIDO;;23/03/2026
MP0178;OLEO ESSENCIAL DE JASMIM;0,04;10687,6200;GLAMIR;ES;Sim;11683,1600;467,33;995,5400;9,31;39,82;0.05;5 DIAS;45 DIAS;DECIDIDO;;23/03/2026
MP0179;OLEO ESSENCIAL DE LAVANDA 40/42;358,96;117,0000;CITRAL;SP;Sim;51,4400;18464,90;-65,5600;-56,03;-23533,42;359;;;DECIDIDO;;23/03/2026
MP0182;OLEO ESSENCIAL DE GENGIBRE;68,59;43,2200;CITROFLAVOR;1;Sim;43,2220;2964,60;0,0020;0,00;0,14;;;;DECIDIDO;;23/03/2026
MP0184;OLEO ESSENCIAL NOZ MOSCADA;6,23;149,3100;GLAMIR;SP;Sim;141,3900;880,86;-7,9200;-5,30;-49,34;1;5 DIAS;45 DIAS;DECIDIDO;;23/03/2026
MP0186;PIMENTA NEGRA;18,71;204,3200;GLAMIR;SP;Sim;193,4800;3620,01;-10,8400;-5,31;-202,82;1;5 DIAS;45 DIAS;DECIDIDO;;23/03/2026
MP0187;OLEO ESSENCIAL DE ROSA;0,16;11159,1400;GLAMIR;SP;Sim;12501,7200;2000,28;1342,5800;12,03;214,81;0.05;5 DIAS;45 DIAS;DECIDIDO;;23/03/2026
MP0198;OLEO ESSENCIAL DE SALVIA ESCLAREIA;34,29;26,7200;VERIS;SP;Sim;40,5769;1391,38;13,8569;51,86;475,15;5;até 1 dia;até 15;DECIDIDO;;23/03/2026
MP0211;ÓLEO DE MAMONA HIDROGENADO ETOXILADO 40 E / EUMULGIN CO40;363,53;6,1800;MCASSAB;SP;Não;6,1139;2222,60;-0,0661;-1,07;-24,01;50;;;DECIDIDO;;23/03/2026
MP0215;OLEO ESSENCIAL DE COPAÍBA BALSAMO;103,49;50,2900;BIELUS;SP;Sim;166,0800;17187,62;115,7900;230,24;11983,11;1kg;4;20;DECIDIDO;;23/03/2026
MP0216;ACETATO DE TOCOFEROL;71,77;22,8000;KHOL QUIMICA2;SP;Não;19,1200;1372,24;-3,6800;-16,14;-264,11;1;6 DIAS UTEIS;15 DIAS ÚTEIS;DECIDIDO;;23/03/2026
MP0218;ÁCIDO HIALURÔNICO SOLUÇÃO 1% / BIO-SODIUM HYALURONATE 1%;22,05;18,8400;FOCUS QUÍMICA;SP;Não;18,6000;410,13;-0,2400;-1,27;-5,29;20;30;30;DECIDIDO;;23/03/2026
MP0219;AJIDEW NL-50 / PCA SÓDICO 50%;37,23;7,0300;KHOL QUIMICA;SP;Não;11,0400;411,02;4,0100;57,04;149,29;5;6 DIAS UTEIS;15 DIAS ÚTEIS;DECIDIDO;;23/03/2026
MP0225;CARBOPOL ULTREZ 21;182,90;39,7600;DINACO;SP;Sim;43,1588;7893,74;3,3988;8,55;621,63;20;3;135;DECIDIDO;;23/03/2026
MP0226;CETEARETH-20;566,49;4,5900;BARENTZ;SP;Sim;4,6800;2651,17;0,0900;1,96;50,98;;;;DECIDIDO;;23/03/2026
MP0230;DC 200/350 / ELEMENT14 PDMS 350 LA;1246,34;6,4000;UNIVAR2;SP;Sim;3,1700;3950,90;-3,2300;-50,47;-4025,68;200;IMEDIATO;30;DECIDIDO;;23/03/2026
MP0232;DIMETHICONE;262,91;8,5400;UNIVAR2;SP;Não;3,1700;833,42;-5,3700;-62,88;-1411,83;200;IMEDIATO;30;DECIDIDO;;23/03/2026
MP0233;EXTRATO HG ROSAS BRANCAS;28,14;5,7900;SARFAM;ES;Sim;9,8135;276,15;4,0235;69,49;113,22;5;20;20;DECIDIDO;;23/03/2026
MP0234;FARNESOL PLUS (307177);899,75;41,1400;SYMRISE;SP;Não;35,0000;31491,25;-6,1400;-14,92;-5524,47;25;3;60 dias;DECIDIDO;;23/03/2026
MP0237;HYDROVANCE (HIDROXIETIL UREIA);952,52;10,6900;SARFAM;ES;Sim;9,4700;9020,36;-1,2200;-11,41;-1162,07;20;60;60;DECIDIDO;;23/03/2026
MP0271;VASELINA SÓLIDA BRANCA;367,82;4,0700;null;;;;;;;;;;;DECIDIDO;;23/03/2026
MP0441;SALCARE SC 96;118,58;38,7400;BASF;SP;Sim;42,0000;4980,36;3,2600;8,42;386,57;25KG;4 dias úteis;90 dias;DECIDIDO;O ATUAL É BASF - ;23/03/2026
MP0440;HIDRAGLOSS QUAT 22;238,07;31,2900;KHOL QUIMICA2;ES;Não;13,2900;3163,95;-18,0000;-57,53;-4285,26;5;2 DIAS ÚTEIS;10 DIAS UTEIS;DECIDIDO;homologar KHOL;23/03/2026
MP0220;ÁLCOOL ETÍLICO 96°GL / 94°INPM;1308436,47;0,8900;QUIMIFORMULA;SP;Não;0,8731;1142365,69;-0,0169;-1,90;-22142,77;15000l;4;;DECIDIDO;;23/03/2026
MP0442;FIX VIC;2079,75;12,0800;Oxigen;ES;Não;12,2800;25539,33;0,2000;1,66;415,95;;IMEDIATO;5 DIAS;DECIDIDO;Homologar OXIGEN E VANTAGE ;23/03/2026
MP0221;ÁLCOOL ETÍLICO DE CEREAIS 96°GL;9499,59;6,2600;tarumã;;Sim;6,2600;59467,43;0,0000;0,00;0,00;;;;DECIDIDO;;23/03/2026
MP0222;ARLAMOL PS 15 E / LIPOCOL P-15;1118,92;25,4700;VANTAGE;SP;Sim;9,4305;10551,93;-16,0395;-62,97;-17946,96;193;3;106;DECIDIDO;;23/03/2026
MP0443;PRODEW 500;11,77;46,9400;KHOL QUIMICA;ES;Não;15,4200;181,49;-31,5200;-67,15;-370,99;5;2 DIAS ÚTEIS;10 DIAS UTEIS;DECIDIDO;HOMOLOGAR KHOL;23/03/2026
MP0223;BENZOFENONA 3;71,16;31,1700;SYMRISE;SP;Não;25,0000;1779,00;-6,1700;-19,79;-439,06;25;3;120 dias;DECIDIDO;;23/03/2026
MP0224;CARBOPOL 990/980;43,68;22,6000;ALPHA QUIMICA;SP;Não;7,4776;326,62;-15,1224;-66,91;-660,55;40;5;60;DECIDIDO;;23/03/2026
MP0445;HARMONIE SOFT FLUID (ALPHA OIL GS310);298,11;4,0400;null;;;;;;;;;;;DECIDIDO;HOMOLOGADO ALPHAQUIMICA - ;23/03/2026
MP0449;EXTRATO GLICOLICO DE JOJOBA 60% (EXTRATO GLICÓLICO DE JOJOBA 35%);575,40;5,3700;BARUQUIMICA;SP;Não;2,1481;1236,00;-3,2219;-60,00;-1853,89;;;8 dias úteis;DECIDIDO;ATUAL É PHYTOVITAL ;23/03/2026
MP0450;EXTRATO GLICOLICO DE MIRRA 60% (EXTRATO GLICÓLICO DE MIRRA 35%);575,40;8,1300;BARUQUIMICA;SP;Não;2,1481;1236,00;-5,9819;-73,58;-3442,00;;;8 dias úteis;DECIDIDO;ATUAL É GLAMIR - HOMOLOGAR BARU E KHOL;23/03/2026
MP0231;DERMAQUA S / ÁGUA TERMAL;488,52;3,2200;FOCUS QUÍMICA;SP;Não;3,2192;1572,66;-0,0008;-0,02;-0,38;20;20;20;DECIDIDO;;23/03/2026
MP0455;OLEO DE ALGODAO;1220,55;2,9400;CAMPESTRE;ES;Não;2,6385;3220,37;-0,3015;-10,26;-368,04;;5 DIAS;;DECIDIDO;HMOLOGAR CAMPESTRE E KHOL;23/03/2026
MP0236;GOMA XANTANA;43,68;3,0600;Oxigen;SP;Não;2,4380;106,49;-0,6220;-20,33;-27,17;;IMEDIATO;5 DIAS;DECIDIDO;;23/03/2026
MP0238;LIPOCOL SC-20 / EUMULGIN B2 / ALKONAT CE 200 F / CETEARETH 20 VIC;176,36;41,0800;KHOL QUIMICA;ES;Não;4,7200;832,42;-36,3600;-88,51;-6412,45;5;2 DIAS ÚTEIS;10 DIAS UTEIS;DECIDIDO;;23/03/2026
MP0456;ALCOOL DE CEREAIS;57,01;1,6500;KHOL QUIMICA;ES;Sim;1,8269;104,15;0,1769;10,72;10,09;20;2 DIAS ÚTEIS;10 DIAS UTEIS;DECIDIDO;FORNECEDOR ATUAL É KHOL;23/03/2026
MP0242;NIACINAMIDA;0,00;;FOCUS QUÍMICA;SP;Não;22,8000;;;;;25;90;90;DECIDIDO;;23/03/2026
MP0459;ACIDO HIALURONICO PO 95% / HYALURONIC ACID;30,21;149,6200;lepuge;1;Sim;149,6154;4519,88;-0,0046;-0,00;-0,14;;;;DECIDIDO;;23/03/2026
MP0460;IMIDAZOLIDINYL UREA/ GERMALL 115/ MICROCARE IM;381,19;11,4600;THOR;1;Sim;11,4570;4367,29;-0,0030;-0,03;-1,14;;;;DECIDIDO;;23/03/2026
MP0244;ÓLEO DE ROSA MOSQUETA / VEG OIL ROSA MOSQUETA P (ÓLEO VEGETAL DE ROSAS MOSQUETA);8126,88;13,0600;PHYTOFLORA;;Não;13,0577;106118,30;-0,0023;-0,02;-18,75;;;;DECIDIDO;;23/03/2026
MP0245;ÓLEO MINERAL;476,00;1,7000;Oxigen;ES;Não;1,5150;721,14;-0,1850;-10,88;-88,06;;IMEDIATO;5 DIAS;DECIDIDO;;23/03/2026
MP0462;ROSA MOSQUETA GLICOLICO;35,27;7,6000;PHYTOFLORA;1;Sim;7,6000;268,05;0,0000;0,00;0,00;;;;DECIDIDO;;23/03/2026
MP0463;PHYTOATTIVE ARROZ GLIC;16,37;3,6000;PHYTOFLORA;1;Sim;3,6000;58,93;0,0000;0,00;0,00;;;;DECIDIDO;;23/03/2026
MP0246;PARSOL MCX / METOXICINAMATO DE ETILHEXIL;21,38;13,2000;SYMRISE;SP;Não;13,2000;282,22;0,0000;0,00;0,00;200;3;120 dias;DECIDIDO;;23/03/2026
MP0248;PLANTCOL (ACACIA SENEGAL GUM EXTRACT);512,98;29,0100;AQIA;ES;Não;26,5500;13619,62;-2,4600;-8,48;-1261,93;;;;DECIDIDO;;23/03/2026
MP0249;POLAWAX NF;4565,41;7,8500;PIC;1;Sim;7,8519;35847,25;0,0019;0,02;8,78;;;;DECIDIDO;;23/03/2026
MP0250;PROPANEDIOL;2962,46;7,2800;SARFAM;ES;Sim;5,4900;16263,91;-1,7900;-24,59;-5302,80;199.584;60;60;DECIDIDO;;23/03/2026
MP0252;SILICONE DC 245;173,09;3,3800;SQ QUIMICA;ES;Sim;2,8559;494,33;-0,5241;-15,51;-90,71;190 KG;IMEDIATO;;DECIDIDO;;23/03/2026
MP0468;RETINOL GS 50 / NV RETINOL;5,03;398,8000;nanovetores;1;Sim;398,8000;2005,96;0,0000;0,00;0,00;5;;;DECIDIDO;;23/03/2026
MP0265;SOLUÇÃO CORANTE VIOLET COVASOL 0,36% - CI 60730;0,00;5,7500;#REF!;0;Não;5,7519;;0,0019;0,03;;;;;DECIDIDO;;23/03/2026
MP0269;TREALOSE;154,77;7,5900;INTERLAB;SP;Sim;11,7525;1818,93;4,1625;54,84;644,23;R$ 1.000,00;Imediato;60 dias;DECIDIDO;;23/03/2026
MP0470;VIT. E ACETATE OLEOSA 100/ VIT. E ACET 100% / 98% /TOCOPHERYL ACETATE/VITAMIN E ACET;2,52;22,8000;BASF;SP;Não;29,3100;73,86;6,5100;28,55;16,41;25kg;4 dias úteis;90 dias;DECIDIDO;ATUAL HOMOLOGADA É BASF. HOMOLOGAR KHOL;23/03/2026
MP0402;CARBOPOL 940;0,00;;Oxigen;ES;Não;7,2160;;;;;;IMEDIATO;5 DIAS;DECIDIDO;;23/03/2026
MP0471;D PANTENOL (D PANTENOL 75%);1870,14;30,7000;KHOL QUIMICA;SP;Sim;8,3000;15522,16;-22,4000;-72,96;-41891,14;5;6 DIAS UTEIS;15 DIAS ÚTEIS;DECIDIDO;;23/03/2026
MP0425;ALCOOL CETILICO C16/98 / CETYL ALCOHOL/ AKONAT 1698 P/VEGAROL 1698;0,00;;Oxigen;ES;Não;3,1790;;;;;;IMEDIATO;5 DIAS;DECIDIDO;;23/03/2026
MP0435;LAURILETERSULFATO DE SODIO M /A 27%/ALKOPON N (EXT LESS C27/SS LAC 270) ONU N/C;0,00;;Oxigen;ES;Não;1,0500;;;;;;IMEDIATO;5 DIAS;DECIDIDO;;23/03/2026
MP0452;CARBOPOL 940;192,78;12,1600;ANASTACIO;SP;Não;7,1800;1384,16;-4,9800;-40,95;-960,04;20;12 dias;120;DECIDIDO;;23/03/2026
MP0453;GLUCAM E-20;247,84;27,7100;DINACO;SP;Não;30,0536;7448,49;2,3436;8,46;580,84;20;3;135;DECIDIDO;;23/03/2026
MP0464;SILICONE DC 193/ PEG- 12 DIMETHICONE / OFX-0193 FLUID - LIFE;12,59;7,6200;SQ QUIMICA;ES;Não;7,6200;95,94;0,0000;0,00;0,00;25 KG;IMEDIATO;;DECIDIDO;;23/03/2026
MP0466;GLYCOLIC ACID/ ACIDO GLICOLICO 70%;12,59;15,7000;KHOL QUIMICA;ES;Não;15,7000;197,66;0,0000;0,00;0,00;1;2 DIAS ÚTEIS;10 DIAS UTEIS;DECIDIDO;;23/03/2026
MP0472;ACQUACREAM TC-K;534,38;3,9100;KHOL QUIMICA;SP;Não;3,9100;2089,43;0,0000;0,00;0,00;25;6 DIAS UTEIS;15 DIAS ÚTEIS;DECIDIDO;;23/03/2026
MP0475;ALCOOL CETILICO C16/98 / CETYL ALCOHOL/ AKONAT 1698 P/VEGAROL 1698;0,00;;ALPHA QUIMICA2;ES;Não;3,4761;;;;;150;5;60;DECIDIDO;;23/03/2026
MP0477;CETIOL HE BB 5 / POLYMOL HE;500,28;5,9700;AQIA;1;Sim;5,9725;2987,92;0,0025;0,04;1,25;;;;DECIDIDO;;23/03/2026
MP0478;ORYZA SATIVA (RICE) BRAN OIL;2878,39;5,9200;CAMPESTRE;SP;Sim;5,5998;16118,34;-0,3202;-5,41;-921,73;180;;;DECIDIDO;;23/03/2026
MP0476;PALMITATO DE ISOPROPILA/ POLIMOL IPP/SP CRODAMOL IPP MBAL-LQ-(BR);749,65;6,3800;AQIA;ES;Sim;3,3700;2526,32;-3,0100;-47,18;-2256,45;20kg;;;DECIDIDO;;23/03/2026
MP0479;RUMUS AMIGDALUS DULCIS / 0220-BEROILB0220/VEG-OIL OLEO DE AMENDOAS DOCE;712,58;6,4900;KHOL QUIMICA;ES;Não;4,0654;2896,91;-2,4246;-37,36;-1727,73;50;2 DIAS ÚTEIS;10 DIAS UTEIS;DECIDIDO;;23/03/2026
MP0461;VITAMINA C (ÁCIDO ASCÓRBICO) - 06148270001;25,17;6,3500;null;;;;;;;;;;;DECIDIDO;;23/03/2026
MP0480;ÓLEO DE ROSA MOSQUETA GRAN OILS / SENSIOIL RMO ÓLEO DE ROSA MOSQUETA/ VM10076;4290,25;4,2300;VM;;Sim;4,2315;18154,01;0,0015;0,03;6,25;;;;DECIDIDO;;23/03/2026
MP0481;EXTRATO DE SALVIA (EXTRATO GLICÓLICO DE SALVIA);35,63;2,1500;BARUQUIMICA;SP;Não;2,1481;76,54;-0,0019;-0,09;-0,07;;;8 dias úteis;DECIDIDO;;23/03/2026
MP0482;PHYTOATTIVE MEL GLIC;35,63;3,6300;KHOL QUIMICA;ES;Não;3,6346;129,50;0,0046;0,13;0,16;5;2 DIAS ÚTEIS;10 DIAS UTEIS;DECIDIDO;;23/03/2026
MP0483;PHYTOATTIVE CAMOMILA GLIC;1,78;4,3000;PHYTOVITAL;SP;Não;4,5000;8,01;0,2000;4,65;0,36;5;;;DECIDIDO;;23/03/2026
MP0484;RICE SILK SN;4610,88;15,1900;AQIA;SP;Sim;17,0700;78707,72;1,8800;12,38;8668,45;10kg;;;DECIDIDO;;23/03/2026
MP0485;LAURILETERSULFATO DE SODIO M /A 27%/ALKOPON N (EXT LESS C27/SS LAC 270) ONU N/C;2410,48;1,1200;KHOL QUIMICA;ES;Não;0,9900;2386,38;-0,1300;-11,61;-313,36;25;2 DIAS ÚTEIS;10 DIAS UTEIS;DECIDIDO;;23/03/2026
MP0487;CARBOPOL 980 / CARBOXIPOLIMETILENO EM PO/CARBOPOL 940 - CARBOMERO 940;354,06;5,9300;MAIAN;SP;Não;5,9276;2098,73;-0,0024;-0,04;-0,85;;imediato;30 a 60 dias;DECIDIDO;;23/03/2026
MP0488;MPG-00117 DC 9040 SILICONE ELASTOMER BLEND - BEYOUNG/ EMSIL EG 905 RU;393,40;15,7200;UNIVAR2;SP;Sim;25,7000;10110,38;9,9800;63,49;3926,13;15;30;60;DECIDIDO;;23/03/2026
MP0490;CARBONATO DE MAGNESIO USP;786,80;7,8600;FOCUS QUÍMICA;SP;Não;6,7000;5271,56;-1,1600;-14,76;-912,69;15;30;30;DECIDIDO;;23/03/2026
MP0491;EXTRATO DE FLOR DE LOTUS (EXTRATO GLICÓLICO FLOR DE LOTUS);3,78;2,1500;BARUQUIMICA;SP;Não;2,1481;8,12;-0,0019;-0,09;-0,01;;;8 dias úteis;DECIDIDO;;23/03/2026
MP0003;EDTA DISSODICO;2970,47;2,4800;KHOL QUIMICA2;ES;Não - Homologar;2,2800;;;;;25;2 DIAS ÚTEIS;10 DIAS UTEIS;A HOMOLOGAR;;21/03/2026
MP0006;HIDROXIETILCELULOSE;8713,09;7,6700;MAIAN;ES;Não - Homologar;3,5719;;;;;;imediato;30 a 60 dias;A HOMOLOGAR;;21/03/2026
MP0012;SUN QUART CT50 (QUATERNÁRIO DE AMÔNIO 16-50);57567,66;2,1000;CHEMAX;ES;Não - Homologar;2,4800;;;;;90;2;;A HOMOLOGAR;;21/03/2026
MP0013;GLICERINA VEGETAL BIDESTILADA;60621,44;0,9600;Oxigen;ES;Não - Homologar;1,2985;;;;;;IMEDIATO;5 DIAS;A HOMOLOGAR;;21/03/2026
MP0014;GLASIK 700 - POLIQUATERNIUM 7;50530,44;0,9100;KHOL QUIMICA2;ES;Não - Homologar;0,6500;;;;;200;2 DIAS ÚTEIS;10 DIAS UTEIS;A HOMOLOGAR;;21/03/2026
MP0016;EXTRATO DE BURITI;305,94;4,9600;BARUQUIMICA;ES;Não - Homologar;2,1462;;;;;;;8 dias úteis;A HOMOLOGAR;;21/03/2026
MP0018;OLEO DE SEMENTE DE UVA (ÓLEO VEGETAL DE SEMENTE DE UVA);5209,59;4,3400;KHOL QUIMICA2;ES;Não - Homologar;2,4300;;;;;50;2 DIAS ÚTEIS;10 DIAS UTEIS;A HOMOLOGAR;;21/03/2026
MP0019;MANTEIGA DE MURUMURU;3584,64;8,7100;KHOL QUIMICA2;ES;Não - Homologar;5,1000;;;;;4;2 DIAS ÚTEIS;10 DIAS UTEIS;A HOMOLOGAR;;21/03/2026
MP0020;MANTEIGA DE CACAU;2550,34;7,7400;KHOL QUIMICA2;ES;Não - Homologar;5,8300;;;;;4;2 DIAS ÚTEIS;10 DIAS UTEIS;A HOMOLOGAR;;21/03/2026
MP0022;GOMA GUAR QUATERNIZADA / JAGUAR C-13S;3022,09;11,5000;KHOL QUIMICA2;ES;Não - Homologar;8,5000;;;;;5;2 DIAS ÚTEIS;10 DIAS UTEIS;A HOMOLOGAR;;21/03/2026
MP0023;MANTEIGA DE KARITE;3553,43;4,5400;KHOL QUIMICA2;ES;Não - Homologar;3,9400;;;;;15;2 DIAS ÚTEIS;10 DIAS UTEIS;A HOMOLOGAR;;21/03/2026
MP0024;VPQ 108 GL / VIC 108 GL;357,27;9,1500;KHOL QUIMICA;ES;Não - Homologar;9,1500;;;;;25;2 DIAS ÚTEIS;10 DIAS UTEIS;A HOMOLOGAR;;21/03/2026
MP0026;EXTRATO DE ALOE VERA (EXTRATO GLICOLICO DE ALOE VERA);567,44;3,3900;BARUQUIMICA;ES;Não - Homologar;2,1462;;;;;;;8 dias úteis;A HOMOLOGAR;;21/03/2026
MP0027;AMIDA 90;14556,36;2,6300;MAIAN;ES;Não - Homologar;2,0867;;;;;;imediato;30 a 60 dias;A HOMOLOGAR;;21/03/2026
MP0028;MERQUAT PLUS 3330;2021,96;2,3000;CHEMAX;ES;Não - Homologar;2,5000;;;;;60;;30;A HOMOLOGAR;;21/03/2026
MP0030;REWOPOL SB FA 30 B;24013,06;1,2000;AQIA;;Não - Homologar;1,2000;;;;;;;;A HOMOLOGAR;;21/03/2026
MP0031;CARBOPOL AQUA/ RHEOCARE TTA;13504,76;3,3900;KHOL QUIMICA2;ES;Não - Homologar;2,9200;;;;;50;2 DIAS ÚTEIS;10 DIAS UTEIS;A HOMOLOGAR;;21/03/2026
MP0032;HIDROXIDO DE SODIO;194,50;7,7900;KHOL QUIMICA2;SP;Não - Homologar;1,3100;;;;;25;6 DIAS UTEIS;15 DIAS ÚTEIS;A HOMOLOGAR;;21/03/2026
MP0033;COCOAMIDOPROPIL BETAINA;39828,50;1,0100;MAIAN;ES;Não - Homologar;0,8400;;;;;;imediato;20 a 30 dias;A HOMOLOGAR;;21/03/2026
MP0035;QUIKPEARL PK3;4276,38;1,5100;CHEMAX;ES;Não - Homologar;1,1000;;;;;120;2;;A HOMOLOGAR;;21/03/2026
MP0036;D PANTENOL (D PANTENOL 75%);1194,05;8,3000;BARUQUIMICA;SP;Não - Homologar;7,6808;;;;;;;;A HOMOLOGAR;;21/03/2026
MP0040;STERARAMIDO PROPIL DIMETIL AMINA;1080,98;3,0000;INOLEX;ES;Não - Homologar;1,6702;;;;;22.68;70;90;A HOMOLOGAR;;21/03/2026
MP0041;BHT;231,48;4,7400;Oxigen;ES;Não - Homologar;4,5150;;;;;;IMEDIATO;5 DIAS;A HOMOLOGAR;;21/03/2026
MP0002;ACIDO LATICO 85%;6708,67;1,7600;Oxigen;ES;Não - Homologar;1,9160;;;;;;IMEDIATO;5 DIAS;A HOMOLOGAR;;21/03/2026
MP0017;MISTURA DE IZOTIAZOLINONA;540,39;0,9700;FOCUS QUÍMICA;SP;Não - Homologar;0,8200;;;;;25;90;90;A HOMOLOGAR;;21/03/2026
MP0042;ALCOOL CETILICO;1789,01;2,8500;Oxigen;ES;Não - Homologar;3,1790;;;;;;IMEDIATO;5 DIAS;A HOMOLOGAR;;21/03/2026
MP0093;SENSACTIVE L-30;1114,05;11,7900;ALPHA QUIMICA2;ES;Não - Homologar;2,9708;;;;;200;5;60;A HOMOLOGAR;;23/03/2026
MP0044;K-OIL BLEND 12 OLEOS;2128,19;10,5900;MAIAN;ES;Não - Homologar;7,1194;;;;;;imediato;10 dias;A HOMOLOGAR;;23/03/2026
MP0046;FENOXIETANOL;3373,84;3,2600;THOR2;SP;Não - Homologar;3,1500;;;;;25;7;90-110;A HOMOLOGAR;;23/03/2026
MP0052;CL CETIL TRI AMONIO 50% (QUATER DE AMONI);14078,35;2,1000;MAIAN;SP;Não - Homologar;2,1528;;;;;;imediato;10 a 20 dias;A HOMOLOGAR;;23/03/2026
MP0062;VARISOFT (BTMS)PELLETS- (TMS);1800,30;5,5600;AQIA;;Não - Homologar;5,5600;;;;;;;;A HOMOLOGAR;;23/03/2026
MP0063;TEGO AMID S18;4032,95;5,2200;AQIA;ES;Não - Homologar;2,8700;;;;;20kg;;;A HOMOLOGAR;;23/03/2026
MP0064;OLEO DE BAOBA MATERIA PRIMA;1033,83;8,7100;KHOL QUIMICA2;ES;Não - Homologar;6,9600;;;;;4;2 DIAS ÚTEIS;10 DIAS UTEIS;A HOMOLOGAR;;23/03/2026
MP0066;PROTEINA DO ARROZ;534,54;6,2600;BARUQUIMICA;ES;Não - Homologar;3,9269;;;;;;;8 dias úteis;A HOMOLOGAR;;23/03/2026
MP0067;MICA PRATA(SUNPEARL GLITTERING WHITE);510,27;29,0000;FOCUS QUÍMICA;SP;Não - Homologar;29,7700;;;;;25;120;120;A HOMOLOGAR;;23/03/2026
MP0069;OLEO DE PRACAXI (ÓLEO VEGETAL DE PRACAXI);3004,86;7,2000;BARUQUIMICA;ES;Não - Homologar;4,9962;;;;;;;8 dias úteis;A HOMOLOGAR;;23/03/2026
MP0071;VARISOFT BT 85 PELLETS;4198,72;8,0900;KHOL QUIMICA2;ES;Não - Homologar;7,6900;;;;;25;2 DIAS ÚTEIS;10 DIAS UTEIS;A HOMOLOGAR;;23/03/2026
MP0072;POLIMERO S-30- BALAI;2028,55;2,5700;KHOL QUIMICA;ES;Não - Homologar;2,5700;;;;;5;2 DIAS ÚTEIS;10 DIAS UTEIS;A HOMOLOGAR;;23/03/2026
MP0073;OLEO DE BURITI (ÓLEO VEGETAL DE BURIRI);92,67;11,2600;BARUQUIMICA;SP;Não - Homologar;4,9962;;;;;;;8 dias úteis;A HOMOLOGAR;;23/03/2026
MP0074;SILICONE 1411;8334,66;3,8100;MCASSAB;SP;Não - Homologar;3,4971;;;;;200;;;A HOMOLOGAR;;23/03/2026
MP0075;OLEO DE PEQUI (ÓLEO VEGETAL DE PEQUI);2,79;11,2600;BARUQUIMICA;SP;Não - Homologar;4,9962;;;;;;;8 dias úteis;A HOMOLOGAR;;23/03/2026
MP0077;OLEO ARGAN (ÓLEO VEGETAL DE ARGAN);2,08;26,5200;BARUQUIMICA;SP;Não - Homologar;9,8096;;;;;;;8 dias úteis;A HOMOLOGAR;;23/03/2026
MP0080;OLEO DE RICINO HIDROGENADO;31,49;7,6200;KHOL QUIMICA;ES;Não - Homologar;5,8000;;;;;5;2 DIAS ÚTEIS;10 DIAS UTEIS;A HOMOLOGAR;;23/03/2026
MP0082;GENENCARE OSMS BA;404,43;26,8200;BRENNTAG;ES;Não - Homologar;13,7700;;;;;20;2;90;A HOMOLOGAR;;23/03/2026
MP0084;LAURIL SULFOSUCCINATO;26197,89;2,2400;AQIA;ES;Não - Homologar;1,4400;;;;;;;;A HOMOLOGAR;;23/03/2026
MP0084;LAURIL SULFOSUCCINATO;26197,89;2,2400;ALPHA QUIMICA;SP;Não - Homologar;2,0996;;;;;1000;5;15;A HOMOLOGAR;;23/03/2026
MP0087;SOFTCAT POLYMER SX-1300X BT308 -;124,36;62,0000;KHOL QUIMICA2;ES;Não - Homologar;53,0000;;;;;25;2 DIAS ÚTEIS;10 DIAS UTEIS;A HOMOLOGAR;;23/03/2026
MP0088;ACIDO CITRICO ANIDRO;519,58;1,8300;Oxigen;ES;Não - Homologar;1,7769;;;;;;IMEDIATO;5 DIAS;A HOMOLOGAR;;23/03/2026
MP0088;ACIDO CITRICO ANIDRO;519,58;1,8300;MAIAN;ES;Não - Homologar;1,7280;;;;;;imediato;25;A HOMOLOGAR;;23/03/2026
MP0095;MAIZECARE POLYMER;1032,89;24,8800;BASF;SP;Não - Homologar;12,9600;;;;;25kg;4 dias úteis;90 dias;A HOMOLOGAR;;23/03/2026
MP0111;OLEO DE BABACU (ÓLEO VEGETAL DE BABAÇU);369,62;3,0300;KHOL QUIMICA2;ES;Não - Homologar;2,3577;;;;;50;2 DIAS ÚTEIS;10 DIAS UTEIS;A HOMOLOGAR;;23/03/2026
MP0122;OLEO ESSENCIAL DE OREGANO;36,13;85,0000;ROBERTET;ES;Não - Homologar;31,2000;;;;;1;10;60;A HOMOLOGAR;;23/03/2026
MP0103;MENTHOL;215,35;21,0600;MCASSAB;SP;Não - Homologar;20,1179;;;;;25;;;A HOMOLOGAR;;23/03/2026
MP0103;MENTHOL;215,35;21,0600;Oxigen;ES;Não - Homologar;18,1600;;;;;;IMEDIATO;5 DIAS;A HOMOLOGAR;;23/03/2026
MP0104;ETANOL- ALCOOL ETILICO 96%;1610,35;1,1300;QUIMIFORMULA;ES;Não - Homologar;0,8558;;;;;15000l;4;;A HOMOLOGAR;;23/03/2026
MP0106;POLISSORBATO 20 / TWEEN 20;2208,77;28,6600;ALPHA QUIMICA;SP;Não - Homologar;3,5545;;;;;220;5;60;A HOMOLOGAR;;23/03/2026
MP0106;POLISSORBATO 20 / TWEEN 20;2208,77;28,6600;MAIAN;ES;Não - Homologar;3,0500;;;;;;imediato;30 a 60 dias;A HOMOLOGAR;;23/03/2026
MP0108;ESFOLIANTE OLIVE BODY COD2503001R;212,59;55,5800;FOCUS QUÍMICA;SP;Não - Homologar;35,7900;;;;;20;90;90;A HOMOLOGAR;;23/03/2026
MP0127;OLEO ESSENCIAL DE PIMENTA NEGRA;145,36;28,1800;ROBERTET;ES;Não - Homologar;22,0000;;;;;1;10;60;A HOMOLOGAR;;23/03/2026
MP0131;OLEO ESSENCIAL DE GRAPEFRUIT;6,00;196,0000;ROBERTET;ES;Não - Homologar;135,4000;;;;;1;10;60;A HOMOLOGAR;;23/03/2026
MP0136;OLEO ESSENCIAL DE LARANJA;1028,44;34,3600;ROBERTET;ES;Não - Homologar;18,0000;;;;;1;10;60;A HOMOLOGAR;;23/03/2026
MP0126;OLEO ESSENCIAL DE BERGAMOTA;37,84;133,0000;DIERBERGER;SP;Não - Homologar;82,6200;;;;;;;;A HOMOLOGAR;;23/03/2026
MP0126;OLEO ESSENCIAL DE BERGAMOTA;37,84;133,0000;ROBERTET;ES;Não - Homologar;111,0000;;;;;1;10;60;A HOMOLOGAR;;23/03/2026
MP0112;LAURIL ETER SULFATO DE SODIO 70%;2460,24;2,4400;MCASSAB;SP;Não - Homologar;2,0825;;;;;1000;;;A HOMOLOGAR;;23/03/2026
MP0112;LAURIL ETER SULFATO DE SODIO 70%;2460,24;2,4400;BRENNTAG;ES;Não - Homologar;1,5200;;;;;220;4;60;A HOMOLOGAR;;23/03/2026
MP0115;OLEO ESSENCIAL DE ALECRIM;509,53;61,2000;DIERBERGER;SP;Não - Homologar;47,5800;;;;;;;;A HOMOLOGAR;;23/03/2026
MP0138;OLEO ESSENCIAL DE LAVANDA FRANCESA;1464,22;78,1800;LEGEE;SP;Não - Homologar;80,7692;;;;;1;1;60;A HOMOLOGAR;;23/03/2026
MP0140;OLEO ESSENCIAL DE MIRRA;226,00;29,8600;ROBERTET;ES;Não - Homologar;18,9000;;;;;1;10;60;A HOMOLOGAR;;23/03/2026
MP0141;OLEO ESSENCIAL DE JASMIM;31,76;73,1300;ROBERTET;ES;Não - Homologar;63,0000;;;;;1;10;60;A HOMOLOGAR;;23/03/2026
MP0198;OLEO ESSENCIAL DE SALVIA ESCLAREIA;34,29;26,7200;IBERIA;SP;Não - Homologar;33,9882;;;;;;7;;A HOMOLOGAR;;23/03/2026
MP0270;TRIETANOLAMINA 99;397,42;5,9100;ANASTACIO;SP;Não - Homologar;2,1900;;;;;230;12 dias;120;A HOMOLOGAR;;23/03/2026
MP0270;TRIETANOLAMINA 99;397,42;5,9100;MCASSAB;SP;Não - Homologar;3,4028;;;;;230;;;A HOMOLOGAR;;23/03/2026
MP0211;ÓLEO DE MAMONA HIDROGENADO ETOXILADO 40 E / EUMULGIN CO40;363,53;6,1800;ANASTACIO;SP;Não - Homologar;2,9300;;;;;200;12 dias;110;A HOMOLOGAR;;23/03/2026
MP0211;ÓLEO DE MAMONA HIDROGENADO ETOXILADO 40 E / EUMULGIN CO40;363,53;6,1800;KHOL QUIMICA;ES;Não - Homologar;5,8000;;;;;5;2 DIAS ÚTEIS;10 DIAS UTEIS;A HOMOLOGAR;;23/03/2026
MP0167;OLEO ESSENCIAL DE SANDALO AMYRIS;61,55;51,0800;IBERIA;SP;Não - Homologar;44,9843;;;;;;7;;A HOMOLOGAR;;23/03/2026
MP0169;OLEO ESSENCIAL DE LIMÃO SICILIANO;1327,21;11,2000;ROBERTET;ES;Não - Homologar;11,2000;;;;;1;10;60;A HOMOLOGAR;;23/03/2026
MP0144;OLEO ESSENCIAL DE MIRRA;27,95;11,9400;ROBERTET;ES;Não - Homologar;1666,7000;;;;;1;10;60;A HOMOLOGAR;;23/03/2026
MP0145;OLEO ESSENCIAL DE OLIBANO;2,85;93,9600;ROBERTET;ES;Não - Homologar;491,3000;;;;;1;10;60;A HOMOLOGAR;;23/03/2026
MP0146;OLEO ESSENCIAL DE OREGANO;1,46;66,8000;IBERIA;SP;Não - Homologar;139,9513;;;;;;7;;A HOMOLOGAR;;23/03/2026
MP0147;OLEO ESSENCIAL DE PALMAROSA;50,42;78,0000;DIERBERGER;SP;Não - Homologar;67,7700;;;;;;;;A HOMOLOGAR;;23/03/2026
MP0148;OLEO ESSENCIAL NOZ MOSCADA;60,94;161,1000;IBERIA;SP;Não - Homologar;189,9339;;;;;;7;;A HOMOLOGAR;;23/03/2026
MP0149;OLEO ESSENCIAL DE PETITGRAIN;17,31;129,6700;DIERBERGER;SP;Não - Homologar;75,3300;;;;;;;;A HOMOLOGAR;;23/03/2026
MP0151;OLEO ESSENCIAL DE SALVIA ESCLAREIA;0,66;265,0000;DIERBERGER;SP;Não - Homologar;192,0900;;;;;;;;A HOMOLOGAR;;23/03/2026
MP0154;OLEO ESSENCIAL DE PATCHOULI;714,48;58,0400;DIERBERGER;SP;Não - Homologar;72,1100;;;;;;;;A HOMOLOGAR;;23/03/2026
MP0155;OLEO ESSENCIAL DE TOMILHO;13,32;72,0000;DIERBERGER;SP;Não - Homologar;29,5100;;;;;;;;A HOMOLOGAR;;23/03/2026
MP0158;OLEO ESSENCIAL DE YLANG-YLANG III;9,77;36,4300;DIERBERGER;SP;Não - Homologar;92,9400;;;;;;;;A HOMOLOGAR;;23/03/2026
MP0236;GOMA XANTANA;43,68;3,0600;MAIAN;SP;Não - Homologar;2,4698;;;;;;imediato;30 a 60 dias;A HOMOLOGAR;;23/03/2026
MP0236;GOMA XANTANA;43,68;3,0600;KHOL QUIMICA;ES;Não - Homologar;0,7692;;;;;5;2 DIAS ÚTEIS;10 DIAS UTEIS;A HOMOLOGAR;;23/03/2026
MP0160;OLEO DE AÇAI;3,04;40,2400;IBERIA;SP;Não - Homologar;122,9572;;;;;;7;;A HOMOLOGAR;;23/03/2026
MP0215;OLEO ESSENCIAL DE COPAÍBA BALSAMO;103,49;50,2900;GLAMIR;ES;Não - Homologar;41,6700;;;;;1;5 DIAS;45 DIAS;A HOMOLOGAR;;23/03/2026
MP0215;OLEO ESSENCIAL DE COPAÍBA BALSAMO;103,49;50,2900;ROBERTET;SP;Não - Homologar;61,6500;;;;;1;10;60;A HOMOLOGAR;;23/03/2026
MP0161;AMENDOA DOCE NACIONAL;712,97;5,0300;KHOL QUIMICA2;ES;Não - Homologar;3,4200;;;;;50;2 DIAS ÚTEIS;10 DIAS UTEIS;A HOMOLOGAR;;23/03/2026
MP0161;AMENDOA DOCE NACIONAL;712,97;5,0300;SARFAM;ES;Não - Homologar;6,0827;;;;;25;10;10;A HOMOLOGAR;;23/03/2026
MP0163;OLEO DE CASTANHA DO PARA;1,49;17,9200;CAMPESTRE;SP;Não - Homologar;4,2654;;;;;;5 DIAS;;A HOMOLOGAR;;23/03/2026
MP0166;GIRASSOL;2289,36;3,1400;KHOL QUIMICA2;ES;Não - Homologar;2,6900;;;;;50;2 DIAS ÚTEIS;10 DIAS UTEIS;A HOMOLOGAR;;23/03/2026
MP0171;OLEO ESSENCIAL DE CAMOMILA ROMANA;0,03;2247,5400;ROBERTET;ES;Não - Homologar;1100,3000;;;;;1;10;60;A HOMOLOGAR;;23/03/2026
MP0172;OLEO ESSENCIAL DE CEDRO VIRGINIA;28,50;30,0000;DIERBERGER;SP;Não - Homologar;49,1000;;;;;;;;A HOMOLOGAR;;23/03/2026
MP0219;AJIDEW NL-50 / PCA SÓDICO 50%;37,23;7,0300;BARENTZ;SP;Não - Homologar;11,7900;;;;;;;;A HOMOLOGAR;;23/03/2026
MP0178;OLEO ESSENCIAL DE JASMIM;0,04;10687,6200;CITRAL;SP;Não - Homologar;2157,9700;;;;;1;;;A HOMOLOGAR;;23/03/2026
MP0178;OLEO ESSENCIAL DE JASMIM;0,04;10687,6200;ROBERTET;ES;Não - Homologar;6768,0000;;;;;1;10;60;A HOMOLOGAR;;23/03/2026
MP0179;OLEO ESSENCIAL DE LAVANDA 40/42;358,96;117,0000;DIERBERGER;SP;Não - Homologar;56,0200;;;;;;;;A HOMOLOGAR;;23/03/2026
MP0182;OLEO ESSENCIAL DE GENGIBRE;68,59;43,2200;DIERBERGER;SP;Não - Homologar;47,9700;;;;;;;;A HOMOLOGAR;;23/03/2026
MP0184;OLEO ESSENCIAL NOZ MOSCADA;6,23;149,3100;ROBERTET;SP;Não - Homologar;122,0000;;;;;1;10;60;A HOMOLOGAR;;23/03/2026
MP0442;FIX VIC;2079,75;12,0800;VANTAGE;ES;Não - Homologar;3,8035;;;;;250;3;137;A HOMOLOGAR;;23/03/2026
MP0186;PIMENTA NEGRA;18,71;204,3200;CITRAL;SP;Não - Homologar;137,6100;;;;;19;;;A HOMOLOGAR;;23/03/2026
MP0186;PIMENTA NEGRA;18,71;204,3200;INSPIRATION;SP;Não - Homologar;145,5000;;;;;1;3;100;A HOMOLOGAR;;23/03/2026
MP0187;OLEO ESSENCIAL DE ROSA;0,16;11159,1400;CITRAL;SP;Não - Homologar;202,8400;;;;;1;;;A HOMOLOGAR;;23/03/2026
MP0221;ÁLCOOL ETÍLICO DE CEREAIS 96°GL;9499,59;6,2600;KHOL QUIMICA2;ES;Não - Homologar;1,6000;;;;;20;2 DIAS ÚTEIS;10 DIAS UTEIS;A HOMOLOGAR;;23/03/2026
MP0222;ARLAMOL PS 15 E / LIPOCOL P-15;1118,92;25,4700;BRENNTAG;ES;Não - Homologar;7,5900;;;;;195;5;30;A HOMOLOGAR;;23/03/2026
MP0445;HARMONIE SOFT FLUID (ALPHA OIL GS310);298,11;4,0400;null;;Não - Homologar;;;;;;;;;A HOMOLOGAR;;23/03/2026
MP0445;HARMONIE SOFT FLUID (ALPHA OIL GS310);298,11;4,0400;COSMETO / SUMMIT;ES;Não - Homologar;20,0000;;;;;0;3;145;A HOMOLOGAR;;23/03/2026
MP0225;CARBOPOL ULTREZ 21;182,90;39,7600;FOCUS QUÍMICA;SP;Não - Homologar;16,3700;;;;;20;30;30;A HOMOLOGAR;;23/03/2026
MP0450;EXTRATO GLICOLICO DE MIRRA 60% (EXTRATO GLICÓLICO DE MIRRA 35%);575,40;8,1300;KHOL QUIMICA;ES;Não - Homologar;3,6346;;;;;5;2 DIAS ÚTEIS;10 DIAS UTEIS;A HOMOLOGAR;;23/03/2026
MP0232;DIMETHICONE;262,91;8,5400;BRENNTAG;ES;Não - Homologar;3,7800;;;;;180;5;60;A HOMOLOGAR;;23/03/2026
MP0237;HYDROVANCE (HIDROXIETIL UREIA);952,52;10,6900;BASF;SP;Não - Homologar;5,2100;;;;;25KG;4 dias úteis;90 dias;A HOMOLOGAR;;23/03/2026
MP0226;CETEARETH-20;566,49;4,5900;Oxigen;ES;Não - Homologar;2,5870;;;;;;IMEDIATO;5 DIAS;A HOMOLOGAR;;23/03/2026
MP0226;CETEARETH-20;566,49;4,5900;MCASSAB;SP;Não - Homologar;2,7505;;;;;25;;;A HOMOLOGAR;;23/03/2026
MP0449;EXTRATO GLICOLICO DE JOJOBA 60% (EXTRATO GLICÓLICO DE JOJOBA 35%);575,40;5,3700;KHOL QUIMICA;ES;Não - Homologar;3,6346;;;;;5;2 DIAS ÚTEIS;10 DIAS UTEIS;A HOMOLOGAR;;23/03/2026
MP0233;EXTRATO HG ROSAS BRANCAS;28,14;5,7900;KHOL QUIMICA2;ES;Não - Homologar;3,1000;;;;;5;2 DIAS ÚTEIS;10 DIAS UTEIS;A HOMOLOGAR;;23/03/2026
MP0233;EXTRATO HG ROSAS BRANCAS;28,14;5,7900;PHYTOVITAL;SP;Não - Homologar;4,5000;;;;;5;;;A HOMOLOGAR;;23/03/2026
MP0455;OLEO DE ALGODAO;1220,55;2,9400;KHOL QUIMICA;ES;Não - Homologar;3,8692;;;;;50;2 DIAS ÚTEIS;10 DIAS UTEIS;A HOMOLOGAR;;23/03/2026
MP0456;ALCOOL DE CEREAIS;57,01;1,6500;KHOL QUIMICA;ES;Não - Homologar;1,8269;;;;;20;2 DIAS ÚTEIS;10 DIAS UTEIS;A HOMOLOGAR;;23/03/2026
MP0238;LIPOCOL SC-20 / EUMULGIN B2 / ALKONAT CE 200 F / CETEARETH 20 VIC;176,36;41,0800;BRENNTAG;ES;Não - Homologar;5,7700;;;;;20;4;30;A HOMOLOGAR;;23/03/2026
MP0271;VASELINA SÓLIDA BRANCA;367,82;4,0700;Oxigen;ES;Não - Homologar;2,1080;;;;;;IMEDIATO;5 DIAS;A HOMOLOGAR;;23/03/2026
MP0271;VASELINA SÓLIDA BRANCA;367,82;4,0700;ANASTACIO;SP;Não - Homologar;2,1000;;;;;0;12 dias;130;A HOMOLOGAR;;23/03/2026
MP0244;ÓLEO DE ROSA MOSQUETA / VEG OIL ROSA MOSQUETA P (ÓLEO VEGETAL DE ROSAS MOSQUETA);8126,88;13,0600;PHYTOVITAL;SP;Não - Homologar;4,5000;;;;;5;;;A HOMOLOGAR;;23/03/2026
MP0244;ÓLEO DE ROSA MOSQUETA / VEG OIL ROSA MOSQUETA P (ÓLEO VEGETAL DE ROSAS MOSQUETA);8126,88;13,0600;BARUQUIMICA;SP;Não - Homologar;4,9962;;;;;;;8 dias úteis;A HOMOLOGAR;;23/03/2026
MP0244;ÓLEO DE ROSA MOSQUETA / VEG OIL ROSA MOSQUETA P (ÓLEO VEGETAL DE ROSAS MOSQUETA);8126,88;13,0600;KHOL QUIMICA;ES;Não - Homologar;11,4000;;;;;1;2 DIAS ÚTEIS;10 DIAS UTEIS;A HOMOLOGAR;;23/03/2026
MP0245;ÓLEO MINERAL;476,00;1,7000;BARUQUIMICA;SP;Não - Homologar;1,2865;;;;;;3 dias úteis;;A HOMOLOGAR;;23/03/2026
MP0462;ROSA MOSQUETA GLICOLICO;35,27;7,6000;KHOL QUIMICA;ES;Não - Homologar;3,6346;;;;;5;2 DIAS ÚTEIS;10 DIAS UTEIS;A HOMOLOGAR;;23/03/2026
MP0463;PHYTOATTIVE ARROZ GLIC;16,37;3,6000;KHOL QUIMICA;ES;Não - Homologar;3,6346;;;;;5;2 DIAS ÚTEIS;10 DIAS UTEIS;A HOMOLOGAR;;23/03/2026
MP0246;PARSOL MCX / METOXICINAMATO DE ETILHEXIL;21,38;13,2000;FOCUS QUÍMICA;SP;Não - Homologar;15,0600;;;;;200;90;90;A HOMOLOGAR;;23/03/2026
MP0249;POLAWAX NF;4565,41;7,8500;BARENTZ;SP;Não - Homologar;6,2300;;;;;;;;A HOMOLOGAR;;23/03/2026
MP0250;PROPANEDIOL;2962,46;7,2800;ANASTACIO2;SP;Não - Homologar;5,4500;;;;;200;12 dias;120;A HOMOLOGAR;;23/03/2026
MP0252;SILICONE DC 245;173,09;3,3800;FOCUS QUÍMICA;SP;Não - Homologar;2,9400;;;;;190;90;90;A HOMOLOGAR;;23/03/2026
MP0269;TREALOSE;154,77;7,5900;ANASTACIO;SP;Não - Homologar;3,6000;;;;;25;12 dias;120;A HOMOLOGAR;;23/03/2026
MP0269;TREALOSE;154,77;7,5900;DINACO;SP;Não - Homologar;10,9196;;;;;20;3;120;A HOMOLOGAR;;23/03/2026
MP0470;VIT. E ACETATE OLEOSA 100/ VIT. E ACET 100% / 98% /TOCOPHERYL ACETATE/VITAMIN E ACET;2,52;22,8000;KHOL QUIMICA;ES;Não - Homologar;22,8000;;;;;4;2 DIAS ÚTEIS;10 DIAS UTEIS;A HOMOLOGAR;;23/03/2026
MP0440;HIDRAGLOSS QUAT 22;238,07;31,2900;KHOL QUIMICA;ES;Não - Homologar;15,3000;;;;;5;2 DIAS ÚTEIS;10 DIAS UTEIS;A HOMOLOGAR;;23/03/2026
MP0452;CARBOPOL 940;192,78;12,1600;ALPHA QUIMICA2;ES;Não - Homologar;7,4776;;;;;40;5;60;A HOMOLOGAR;;23/03/2026
MP0477;CETIOL HE BB 5 / POLYMOL HE;500,28;5,9700;BASF;SP;Não - Homologar;4,8100;;;;;200KG;4 dias úteis;90 dias;A HOMOLOGAR;;23/03/2026
MP0476;PALMITATO DE ISOPROPILA/ POLIMOL IPP/SP CRODAMOL IPP MBAL-LQ-(BR);749,65;6,3800;MAIAN;SP;Não - Homologar;3,3480;;;;;;imediato;30 a 120 dias;A HOMOLOGAR;;23/03/2026
MP0480;ÓLEO DE ROSA MOSQUETA GRAN OILS / SENSIOIL RMO ÓLEO DE ROSA MOSQUETA/ VM10076;4290,25;4,2300;PHYTOVITAL;SP;Não - Homologar;8,0000;;;;;4;;;A HOMOLOGAR;;23/03/2026
MP0481;EXTRATO DE SALVIA (EXTRATO GLICÓLICO DE SALVIA);35,63;2,1500;KHOL QUIMICA;ES;Não - Homologar;3,6346;;;;;5;2 DIAS ÚTEIS;10 DIAS UTEIS;A HOMOLOGAR;;23/03/2026
MP0485;LAURILETERSULFATO DE SODIO M /A 27%/ALKOPON N (EXT LESS C27/SS LAC 270) ONU N/C;2410,48;1,1200;CHEMAX;ES;Não - Homologar;1,0500;;;;;150;2;;A HOMOLOGAR;;23/03/2026
MP0483;PHYTOATTIVE CAMOMILA GLIC;1,78;4,3000;KHOL QUIMICA;ES;Não - Homologar;3,6346;;;;;5;2 DIAS ÚTEIS;10 DIAS UTEIS;A HOMOLOGAR;;23/03/2026
MP0491;EXTRATO DE FLOR DE LOTUS (EXTRATO GLICÓLICO FLOR DE LOTUS);3,78;2,1500;KHOL QUIMICA;ES;Não - Homologar;3,6346;;;;;5;2 DIAS ÚTEIS;10 DIAS UTEIS;A HOMOLOGAR;;23/03/2026